2,BO3,200,300,KH3
1,BO5,1000,2000,KH5
3,BO4,700,1000,KH4
2,BO3,200,300,KH3
1,BO5,1000,2000,KH5
3,BO4,700,1000,KH4
98,BO-98,1000,2000,KH-01
2,BO3,200,300,KH3
1,BO5,1000,2000,KH5
3,BO4,700,1000,KH4
2,BO3,200,300,KH3
1,BO5,1000,2000,KH5
3,BO4,700,1000,KH4
98,BO-98,1000,2000,KH-01
2,BO3,200,300,KH3
1,BO5,1000,2000,KH5
3,BO4,700,1000,KH4
2,BO3,200,300,KH3
1,BO5,1000,2000,KH5
3,BO4,700,1000,KH4
98,BO-98,1000,2000,KH-01
2,BO3,200,300,KH3
1,BO5,1000,2000,KH5
3,BO4,700,1000,KH4
2,BO3,200,300,KH3
1,BO5,1000,2000,KH5
3,BO4,700,1000,KH4
98,BO-98,1000,2000,KH-01
9,BO-97,1000,2300,KH-03
